Year,Month,modern,Tmp,Rain,Evap,C_inp,FYM,PC,DPM_RPM,DPM_t_C_ha,RPM_t_C_ha,BIO_t_C_ha,HUM_t_C_ha,IOM_t_C_ha,SOC_t_C_ha,deltaC,Tipo
2011,1,87.46000000000001,5.303508064516127,23.15,1.349773176231612,0.0646933537619007,0,0,0.67,0.1340136086354568,3.542722185850808,0.3884407723003036,14.573511650637032,2.25,20.8886882174236,-228.470784960024,Tradicional
2011,2,87.36,7.077819940476191,34.41,2.6387363486182087,0.1385031772902289,0,0,0.67,0.1291805591757574,3.562552194691055,0.3889054313159176,14.574284123038831,2.25,20.904922308221565,-228.36388178170475,Tradicional
2011,3,87.26,8.573790322580646,38.67,3.55859915848101,0.101681804415619,0,0,0.67,0.1016032742226498,3.543813805301549,0.3888259026821047,14.574392807576444,2.25,20.85863578978275,-228.56718980935744,Tradicional
2011,4,87.16,14.102173611111114,45.19,9.009340581424668,0.2421338639701332,0,1,1.44,0.1853879099905055,3.551563044288347,0.3867594434929164,14.572099338075622,2.25,20.94580973584739,-228.13683602877188,Tradicional
2011,5,87.06,16.70707661290323,36.12,11.786551558573008,0.1981375302857134,0,1,1.44,0.1785410636599286,3.517306170675978,0.389331923182955,14.574887711294972,2.25,20.910066868813832,-228.29920528572111,Tradicional
2011,6,86.96000000000001,18.494375,23.2,15.175452907847705,0.2187040619753604,0,1,1.44,0.1793421822197168,3.4757153390219924,0.3906909901660712,14.576261018168664,2.25,20.872009529576445,-228.4785082747025,Tradicional
2011,7,87.0,19.744630376344087,18.98,18.43883626573353,0.1887596950424297,0,1,1.44,0.1562375488812038,3.411495877900752,0.391418721657819,14.576858124211215,2.25,20.78601027265099,-228.87596535693032,Tradicional
2011,8,86.92,22.514240591397844,5.23,20.442375799943107,0.1956674145022797,0,1,0.67,0.1083445702544253,3.363376641918265,0.3887555460945791,14.573107628410783,2.25,20.683584386678053,-229.36005286198312,Tradicional
2011,9,86.66,19.960715277777776,26.82,12.415765360762933,0.204385954524012,0,1,0.67,0.1085310209406312,3.346752723731772,0.3837591326595237,14.566762049171542,2.25,20.655804926503468,-229.5155292561429,Tradicional
2011,10,86.76,14.963803763440865,10.69,8.327003772963014,0.1554059581267869,0,1,0.67,0.1044874761108609,3.34615832234357,0.3815063866820793,14.563850511278888,2.25,20.6460026964154,-229.5695179695466,Tradicional
2011,11,86.46000000000001,10.5598125,48.96,1.1939813241474204,0.0819667815702978,0,1,0.67,0.0908037623011635,3.336531967239924,0.380569951672665,14.562680298276002,2.25,20.62058597948976,-229.70931868254573,Tradicional
2011,12,86.36,6.890282258064516,20.73,1.5650989947930214,0.1318455977867231,0,0,0.67,0.1036869569921568,3.357831034910052,0.379078530835258,14.560824510425302,2.25,20.65142103316277,-229.5958080124252,Tradicional
2012,1,87.44,6.189502688172042,8.47,1.551930375894411,0.0603011044628339,0,0,0.67,0.0860996503751948,3.342385978368976,0.3784353631889031,14.559950590581314,2.25,20.61687158251439,-229.74253083101016,Tradicional
2012,2,87.36,4.479985632183908,8.28,3.443687920019449,0.0716927992392123,0,0,0.67,0.0880170888288489,3.3480565260883206,0.3775948183580711,14.558908893589113,2.25,20.622577326864352,-229.7026683025512,Tradicional
2012,3,87.28,10.365853494623655,4.82,10.15828045123509,0.1134778375220537,0,0,0.67,0.0792364491148854,3.320982589256677,0.37436182981197,14.554401686575458,2.25,20.57898255475899,-229.89222557647705,Tradicional
2012,4,87.2,9.628916666666663,9.29,5.1787562957354005,0.1878946060128794,0,1,1.44,0.1578385013626881,3.3462541130663164,0.3727918794232563,14.552253119782218,2.25,20.67913761363448,-229.3926413620532,Tradicional
2012,5,87.11999999999999,16.508850806451612,7.87,14.947382594361011,0.1619814901982747,0,1,1.44,0.1490018380679667,3.30560463147802,0.3737979266292013,14.552135482412105,2.25,20.63053987858729,-229.6181736470506,Tradicional
2012,6,87.03999999999999,20.611062500000006,5.43,20.226988113589098,0.2105728143780681,0,1,1.44,0.1585422051380336,3.24932426632386,0.3725347688050762,14.548505995141095,2.25,20.578907235408067,-229.85905151223352,Tradicional
2012,7,86.96,20.564764784946234,8.08,21.49160784651096,0.1696995147689264,0,1,1.44,0.136778216948103,3.179137977129492,0.3718843508586771,14.545481985414652,2.25,20.483282530350923,-230.32066389320727,Tradicional
2012,8,86.88,23.156451612903226,6.86,22.269074504046323,0.2462701853167042,0,1,0.67,0.1233288636363018,3.166845923160638,0.3680068460604175,14.537832945672267,2.25,20.446014578529624,-230.50350985799872,Tradicional
2012,9,86.61999999999999,18.43663888888889,26.86600000000001,10.552417877096508,0.1876735150799011,0,1,0.67,0.1102085353147767,3.161573787153928,0.3656749050789561,14.532973376036283,2.25,20.420430603583945,-230.65277849215727,Tradicional
2012,10,86.72,13.69076948924731,13.938,3.738562507238408,0.1848324684817203,0,1,0.67,0.1218716420571487,3.193845775838274,0.3644149045539539,14.530256883178142,2.25,20.46038920562752,-230.4713095625933,Tradicional
2012,11,86.64,8.276090066425121,13.13,1.143836904263409,0.0920429389876655,0,1,0.67,0.1159806896877685,3.2077560918844847,0.3647847146675666,14.530165884093996,2.25,20.46868738033381,-230.4441475900865,Tradicional
2012,12,86.56,6.622586693548386,5.656,1.3300324100350012,0.1113812110131396,0,0,0.67,0.1112276261993631,3.2214282331234885,0.3647586551965532,14.529416787465182,2.25,20.476831301984586,-230.4225339544101,Tradicional
2013,1,87.38000000000001,6.887975806451611,63.22600000000001,1.9380292248238773,0.0933274977034247,0,0,0.67,0.0996713806721544,3.221672404252753,0.3644971556560488,14.52834560083094,2.25,20.46418654141189,-230.46021476932253,Tradicional
2013,2,87.28,5.416090773809523,79.386,1.6082861472151082,0.0673250191809484,0,0,0.67,0.0906644318974271,3.218937166423092,0.3640888249154952,14.527320588724214,2.25,20.45101101196023,-230.5162952210007,Tradicional
2013,3,87.18,8.271781586021506,96.96,3.686920790260673,0.1211782622211485,0,0,0.67,0.0927055879177594,3.222625602289466,0.3624241396942992,14.524295530655523,2.25,20.452050860557048,-230.4989767297833,Tradicional
2013,4,87.08,10.543011805555556,56.964,7.221038795573187,0.1783132983496459,0,1,1.44,0.1566855086692283,3.2392810785533768,0.3614052128815108,14.522222042695674,2.25,20.52959384279979,-230.11393973988515,Tradicional
2013,5,86.98,11.13557190860215,47.47,6.7791393674704254,0.1680116449636459,0,1,1.44,0.1823598796447948,3.2472116589736304,0.363292525254969,14.5234237540612,2.25,20.5662878179346,-229.93883907092567,Tradicional
2013,6,86.88000000000001,16.352145833333335,70.49800000000002,11.19133997993652,0.1901055694009993,0,1,1.44,0.1747785994004447,3.22259500603678,0.3662054774590459,14.524876644681372,2.25,20.53845572757764,-230.08048522435644,Tradicional
2013,7,86.92,23.17917338709677,14.342,20.0299640222732,0.1511703581639631,0,1,1.44,0.1204849068084126,3.122401321947309,0.3661801746068754,14.521097476388832,2.25,20.38016387975143,-230.84541817831828,Tradicional
2013,8,86.84,21.27396505376344,6.262,16.935033469988525,0.1760968368222357,0,1,0.67,0.0966332199300711,3.0874065503539105,0.3622331170466271,14.51337182085867,2.25,20.30964470818928,-231.19442358795817,Tradicional
2013,9,86.58,18.560125000000006,21.614,10.112126277815598,0.2270487924030418,0,1,0.67,0.1181319075029113,3.107626523538678,0.3580504218069885,14.505823102169233,2.25,20.33963195501781,-231.0793840674892,Tradicional
2013,10,86.48,15.281229166666662,29.49200000000001,5.138513441557693,0.2231323052390841,0,1,0.67,0.1341283592373941,3.1517581808681463,0.357006574288674,14.502537915824764,2.25,20.39543103021898,-230.8440645349253,Tradicional
2013,11,86.38000000000001,8.6383125,58.37800000000001,1.7507216022650245,0.1185339931537699,0,1,0.67,0.1325418193096497,3.17988545344172,0.3579391495182353,14.50283689662874,2.25,20.423203318898345,-230.73536706319032,Tradicional
2013,12,86.28,4.50071438172043,24.644,1.0239302610155183,0.0535059114632039,0,0,0.67,0.1125387474287488,3.1763286237198867,0.358805522735299,14.503252469556449,2.25,20.400925363440383,-230.8582586206136,Tradicional
2014,1,87.34,6.91567069892473,47.46999999999999,1.204074926460118,0.1436497275058093,0,0,0.67,0.1204268722266697,3.2072358283611497,0.3587170676950052,14.502146087741387,2.25,20.438525856024214,-230.6370342690676,Tradicional
2014,2,87.24,6.58740625,21.008,2.8829947198245063,0.1229102816111243,0,0,0.67,0.1186319436526316,3.2281319219228566,0.3590768798699052,14.501631800552774,2.25,20.45747254599817,-230.5264756677473,Tradicional
2014,3,87.14,9.62048185483871,56.964000000000006,6.86465149903837,0.1458877231474308,0,0,0.67,0.1081673066426967,3.232204925588278,0.3586722708305404,14.499464672794437,2.25,20.44850917585595,-230.5562728285272,Tradicional
2014,4,87.03999999999999,13.987634722222223,35.956,10.002549464589572,0.2243697688476284,0,1,1.44,0.1780910219232441,3.2416365511631,0.3577230277539908,14.49666023421192,2.25,20.52411083505225,-230.1788901341833,Tradicional
2014,5,86.94,14.3497063172043,34.541999999999994,13.562539885344876,0.1886344341588395,0,1,1.44,0.1842436449180179,3.233259634921218,0.3608521791022342,14.498500717277029,2.25,20.52685617621849,-230.1682577525769,Tradicional
2014,6,86.84,19.332048611111112,58.776,17.57822577248064,0.2146339945214574,0,1,1.44,0.1745862939432025,3.193192851154554,0.3634004398342533,14.498520674912196,2.25,20.479700259844204,-230.4037487310484,Tradicional
2014,7,86.74,20.24127688172043,44.440000000000005,16.297386583329878,0.2469988248197235,0,1,1.44,0.1873840832444908,3.159965889105936,0.3645919027671392,14.496920665262316,2.25,20.458862540379883,-230.5189104246643,Tradicional
2014,8,86.64,20.653084677419347,25.652,16.231042991816366,0.2435206850830226,0,1,0.67,0.1406224142282466,3.1691188163013213,0.3663805525799763,14.496023421603974,2.25,20.42214520471352,-230.71674674615937,Tradicional
2014,9,86.53999999999999,19.8963125,55.95400000000001,11.274706156577407,0.2067204616404507,0,1,0.67,0.1175856604653996,3.1624855587404603,0.3648033302851839,14.4915977977767,2.25,20.386472347267745,-230.9138290614551,Tradicional
2014,10,86.44,16.34316061827957,32.724000000000004,5.856919948737396,0.1808105596930216,0,1,0.67,0.112928459702563,3.1709763831073854,0.3631206734852248,14.487846809143909,2.25,20.38487232543908,-230.950493242622,Tradicional
2014,11,86.34,10.134520833333331,99.78800000000004,1.310402194573081,0.0937160235850008,0,1,0.67,0.1021598388889697,3.1743467087469086,0.362946209852214,14.486893688472671,2.25,20.376346445960763,-231.0125887269011,Tradicional
2014,12,86.24,6.601987231182795,42.42,1.299341713877795,0.0759623808230383,0,0,0.67,0.0892014518098147,3.167542976566672,0.3623391293282973,14.485436408497378,2.25,20.35451996620216,-231.1386741198928,Tradicional
2015,1,87.30000000000001,5.466074596774193,46.46,1.8144281308326669,0.051999945860188,0,0,0.67,0.0775908016402173,3.155960589916642,0.361522436956445,14.48388948926271,2.25,20.32896331777601,-231.25058764815165,Tradicional
2015,2,87.2,4.554815476190476,64.034,1.5026517635048493,0.1224992323711256,0,0,0.67,0.1022411615909755,3.193598687349632,0.3605567210700197,14.482264758172288,2.25,20.38866132818292,-230.939995456488,Tradicional
2015,3,87.10000000000001,9.500137768817202,88.678,5.734016981536264,0.1467921306185444,0,0,0.67,0.1022722787262206,3.200405086047402,0.3590898775702868,14.479016686454088,2.25,20.390783928798,-230.9137795918741,Tradicional
2015,4,87.0,12.704199999999998,21.008,10.060745965870234,0.2202111098053612,0,1,1.44,0.1779928117884556,3.218909063351989,0.3580684863587602,14.476459557079924,2.25,20.48142991857913,-230.4629814858604,Tradicional
2015,5,87.0,16.324070564516127,2.626,15.528265075036686,0.2272125605790745,0,1,1.44,0.1953342333449928,3.210631115178061,0.3609216906829114,14.477532421805348,2.25,20.494419461011315,-230.39030987391297,Tradicional
2015,6,86.80000000000001,20.25099305555556,42.824,18.349691613170656,0.1714247759190251,0,1,1.44,0.1476848768173899,3.145610480875547,0.3639515666619098,14.477884675533405,2.25,20.38513159988825,-230.9308262339882,Tradicional
2015,7,86.7,23.22979838709678,34.946000000000005,21.717160983415727,0.1626550881089372,0,1,1.44,0.1222838648467962,3.0535498381195536,0.3615046226661619,14.471121671491773,2.25,20.258459997124284,-231.5605615702292,Tradicional
2015,8,86.76,21.738017473118283,19.19,18.798122139540013,0.2254986633804001,0,1,0.67,0.1156736554893478,3.047275359960173,0.3575422178539266,14.46284056673942,2.25,20.23333180004287,-231.68658565162048,Tradicional
2015,9,86.68,16.82336944444444,13.332,9.687145423437077,0.1561383417983228,0,1,0.67,0.1006769150882595,3.0407667164015315,0.3556275565422471,14.458163543389842,2.25,20.20523473142188,-231.83553664517177,Tradicional
2015,10,86.4,13.510167338709682,33.330000000000005,4.841941218436375,0.2471761839892088,0,1,0.67,0.1434201281402287,3.1147099837880967,0.3540645886611674,14.4546246057166,2.25,20.31681930630609,-231.3373174885729,Tradicional
2015,11,86.30000000000001,10.340930555555554,27.472,1.844629192100296,0.0894417078294499,0,1,0.67,0.116664363324796,3.1150879003821395,0.3553858923145451,14.455042823036347,2.25,20.29218097905783,-231.4771593768412,Tradicional
2015,12,86.44000000000001,6.256395833333334,5.454,0.6243298369016703,0.085228611308873,0,0,0.67,0.1034282381248279,3.117739228337067,0.3555864515600846,14.454323862279626,2.25,20.281077780301604,-231.54469390432385,Tradicional
2016,1,87.26,7.2,81.2,1.14507225,0.0919714470508245,0,0,0.67,0.0930361767690354,3.116177496634725,0.3550270160148288,14.452512850680415,2.25,20.266753540099007,-231.5914201753001,Tradicional
2016,2,87.16,7.1,99.6,1.7692758992999993,0.1384630713358983,0,0,0.67,0.1065452475930546,3.143382912619236,0.354043157585384,14.45020378216836,2.25,20.304175099966034,-231.38670492666407,Tradicional
2016,3,87.06,7.6,64.4,3.721141351199999,0.0575627320208769,0,0,0.67,0.0786571239539253,3.117052263236168,0.3536278587069837,14.448393362317216,2.25,20.24773060821429,-231.66376206649144,Tradicional
2016,4,86.96,10.2,20.8,6.744107747999999,0.1942442439611217,0,1,1.44,0.1593929661392866,3.144377512995572,0.3521911545171269,14.44558723472838,2.25,20.35154886838036,-231.1469611559576,Tradicional
2016,5,86.86,14.8,20.0,11.806169348399996,0.2313223305733978,0,1,1.44,0.1992939098092976,3.1525007440163013,0.3541898487645463,14.445697910338769,2.25,20.40168241292892,-230.905142773602,Tradicional
2016,6,86.88,19.3,12.5,17.751575352000003,0.2092763120185715,0,1,1.44,0.1754971586640527,3.1137136022298426,0.3580308138191841,14.446723549847585,2.25,20.34396512456066,-231.1830272228641,Tradicional
2016,7,86.66,21.6,34.5,18.166171829400003,0.1924337840023228,0,1,1.44,0.1502305370557847,3.049693711746037,0.3589026123848816,14.443841867433283,2.25,20.252668728619987,-231.646942406065,Tradicional
2016,8,86.72,22.1,3.6,20.67655553880001,0.1891707988251346,0,1,0.67,0.1057812802761733,3.0187545853840807,0.357189577582524,14.437851418679282,2.25,20.16957686192206,-232.0593879827109,Tradicional
2016,9,86.64,19.8,12.7,11.2207834592,0.2406840928702244,0,1,0.67,0.1228688400534485,3.039449491760986,0.3531472004840023,14.42977476214615,2.25,20.195240294444588,-231.94809678816387,Tradicional
2016,10,86.56,14.4,11.9,5.281186013599999,0.1835642353473674,0,1,0.67,0.1237370054542339,3.068643643113753,0.3527101641444713,14.42722775829394,2.25,20.2223185710064,-231.8340720318045,Tradicional
2016,11,86.26,9.0,85.2,1.7985467135999995,0.086664684041094,0,1,0.67,0.1113126679381978,3.0766390939895976,0.3532422486289789,14.4269197066804,2.25,20.218113717237173,-231.8789604447056,Tradicional
2016,12,86.4,6.2,12.7,0.4722117119999998,0.0652527789700365,0,0,0.67,0.0925762694585759,3.0683901732164327,0.3532384437757275,14.425917128502126,2.25,20.190122014952863,-232.0292556596113,Tradicional
2017,1,87.22,5.06267876344086,37.37,1.9601295669196768,0.0711957340461801,0,0,0.67,0.0894316429590882,3.0726646434777565,0.3527310943153406,14.424547185937763,2.25,20.18937456668995,-232.01884353505253,Tradicional
2017,2,87.11999999999999,8.280480654761908,28.88600000000001,2.369949361708293,0.0567556975156836,0,0,0.67,0.0662196014261273,3.040822725072944,0.351148955985617,14.42114499994513,2.25,20.12933628242982,-232.3092148988308,Tradicional
2017,3,87.02,11.02731787634409,32.11800000000001,7.150407213406988,0.0720711701189688,0,0,0.67,0.0522905087755429,2.990457173716748,0.3467019816349361,14.413300944360412,2.25,20.05275060848764,-232.68573553405213,Tradicional
2017,4,87.0,12.794009027777776,5.656000000000001,14.635165767236318,0.2448069392414415,0,1,1.44,0.1688563343766797,3.0231096567048623,0.343066946252661,14.407043751727002,2.25,20.192076689061206,-231.97052088370936,Tradicional
2017,5,86.82,17.40992338709678,74.742,15.174345870940668,0.2160972636391299,0,1,1.44,0.1801410130072475,3.0077384607334063,0.3454303050262076,14.406089347032768,2.25,20.18939912579963,-231.9901698887737,Tradicional
2017,6,86.72,21.29429861111112,42.622,16.248686998847507,0.1946963441377147,0,1,1.44,0.153674837526007,2.952076818331681,0.347383660411275,14.403288082615648,2.25,20.10642339888461,-232.4119778278593,Tradicional
2017,7,86.75999999999999,22.062815860215053,15.756,20.95895238694313,0.2451173346959223,0,1,1.44,0.1753426141493573,2.9132432813097746,0.3465369572784837,14.39709485748209,2.25,20.082217710219705,-232.53270055406205,Tradicional
2017,8,86.52,21.624079301075263,36.36,17.149933206077733,0.1664660978564307,0,1,0.67,0.1033305375145232,2.879040757456792,0.3474731140872676,14.393108545524653,2.25,19.972952954583235,-233.10095821048503,Tradicional
2017,9,86.6,17.140497916666668,5.656000000000001,9.848087264616217,0.1503875861918141,0,1,0.67,0.0933379757258948,2.872182902069357,0.344675294669035,14.386604695589211,2.25,19.946800868053497,-233.24276052483395,Tradicional
2017,10,86.32,15.638098790322584,21.412,6.967025024428274,0.2375373117753861,0,1,0.67,0.1294499994825308,2.9290795510643206,0.3420042690065857,14.380547075867163,2.25,20.0310808954206,-232.86922560782887,Tradicional
2017,11,86.44,8.810162499999999,18.180000000000003,2.6827869952845096,0.0751045932965205,0,1,0.67,0.1112295342559935,2.933246669817072,0.3428534178913188,14.38030255568336,2.25,20.017632177647744,-232.9468310018742,Tradicional
2017,12,86.11999999999999,5.944842069892473,58.58000000000002,1.1707461314458132,0.0695308619959464,0,0,0.67,0.0957719079759877,2.9317396131288267,0.3429709199208922,14.37915088962171,2.25,19.999633330647416,-233.0582963326583,Tradicional
2018,1,87.18,6.893093413978495,115.342,1.674623615280012,0.1093275880233211,0,0,0.67,0.0974172582192018,2.946525753048268,0.3422531106005367,14.376755102234895,2.25,20.012951224102903,-232.9650231007304,Tradicional
2018,2,87.08,4.846835565476192,35.754000000000005,1.8545191368073937,0.0845090486602523,0,0,0.67,0.0990702279418785,2.961801764431113,0.3420564987227621,14.375489546824149,2.25,20.028418037919906,-232.8784318817617,Tradicional
2018,3,86.98,8.191313844086022,52.318,5.455574167677591,0.1100492256804206,0,0,0.67,0.092742084365879,2.9650715990353333,0.3412004246777369,14.372459987210892,2.25,20.02147409528984,-232.9059760016576,Tradicional
2018,4,86.88,11.98709166666667,86.052,6.527238403823803,0.2416789121966036,0,1,1.44,0.1887502007779273,3.0026271871456065,0.3401106568680465,14.369162235657,2.25,20.15065028044858,-232.2531473665216,Tradicional
2018,5,86.78,14.422921370967742,65.64800000000001,8.873373812827142,0.2181638028278307,0,1,1.44,0.2055512826453126,3.0121194433585203,0.3441237952818171,14.371060472690967,2.25,20.18285499397662,-232.09940994332868,Tradicional
2018,6,86.68,19.063881944444443,39.39,11.556766439052812,0.157810826064487,0,1,1.44,0.1479747919816254,2.959737002113958,0.3486638109536606,14.37219964424736,2.25,20.078575249296605,-232.6269445882545,Tradicional
2018,7,86.58,21.980349462365588,117.76400000000002,14.99282729709878,0.2005120540864945,0,1,1.44,0.1481197155100205,2.9029446357699937,0.347308557327332,14.3656962259664,2.25,20.01406913457375,-232.9647327116025,Tradicional
2018,8,86.64,22.45317204301076,0.0,17.71929664772765,0.2229677061937473,0,1,0.67,0.1179170285374669,2.896309161166169,0.3456094410839862,14.358443050863317,2.25,19.968278681650936,-233.19909615414,Tradicional
2018,9,86.38,20.07527777777778,45.45,10.089043969971392,0.2477186202547368,0,1,0.67,0.1279437501322801,2.9240196462512267,0.3427448519144885,14.35066494880335,2.25,19.995373197101344,-233.1035225396879,Tradicional
2018,10,86.28,13.655982526881724,28.482,4.441771099347957,0.2028042604716446,0,1,0.67,0.1369225218267778,2.9731939281059643,0.342985758647012,14.348578815465078,2.25,20.051681024044832,-232.8617872978693,Tradicional
2018,11,86.18,9.189856944444443,60.802000000000014,1.053594012568207,0.093699543113264,0,1,0.67,0.1212124983634055,2.9856403322704264,0.3441510993070699,14.34869583005572,2.25,20.04969975999662,-232.89406539686345,Tradicional
2018,12,86.08,8.254520161290321,25.856,1.4486459896111472,0.1265578842993008,0,0,0.67,0.1098275603027964,2.997702958495153,0.3443636943503051,14.347050245693977,2.25,20.04894445884223,-232.93117870909617,Tradicional
2019,1,87.14,6.093131720430107,44.844,1.8610888834800328,0.0832454338653441,0,0,0.67,0.0995414294814139,3.0022930242608754,0.3444543928175471,14.345919238065145,2.25,20.04220808462498,-232.9427814080891,Tradicional
2019,2,87.03999999999999,7.759191964285717,37.97600000000001,3.684157481105254,0.0646215080821102,0,0,0.67,0.0769996669872384,2.9814828175348924,0.3437375978098709,14.343366725579603,2.25,19.995586807911607,-233.165389008937,Tradicional
2019,3,87.0,10.235943548387096,9.09,9.54604581586889,0.1224776211360617,0,0,0.67,0.0790937739554756,2.9715654375449305,0.3406973216849808,14.337116342404853,2.25,19.97847287559024,-233.2351860512756,Tradicional
2019,4,86.83999999999999,11.418480555555556,63.22600000000001,7.489424118666054,0.217248467350199,0,1,1.44,0.1693192450536539,3.002828038322887,0.3391223440999737,14.333421364675782,2.25,20.09469099215229,-232.6471689005526,Tradicional
2019,5,86.74,14.35995497311828,32.522,14.216634184525317,0.2440928294049421,0,1,1.44,0.2133207679510782,3.023415361234175,0.3420371011418017,14.334048367133754,2.25,20.16282159746081,-232.31450160820333,Tradicional
2019,6,86.64,20.488104166666663,45.854000000000006,21.41793010474886,0.2303339233602444,0,1,1.44,0.185584538045474,2.988437864520077,0.3470956421169756,14.335087191640708,2.25,20.10620523632324,-232.60622502819072,Tradicional
2019,7,86.53999999999999,22.909260752688176,29.896000000000004,21.34108242526835,0.1565002766019204,0,1,1.44,0.1264586736334371,2.9044759157854374,0.3486636428249461,14.33154287384878,2.25,19.9611411060926,-233.34038409882496,Tradicional
2019,8,86.6,22.37980510752688,11.514,18.996583608776657,0.2076911976185837,0,1,0.67,0.1078014215502546,2.889216442558395,0.3451301421064512,14.32244408783035,2.25,19.91459209404545,-233.57937864008483,Tradicional
2019,9,86.33999999999999,18.3855625,64.83800000000001,10.05319015566192,0.2159268119477863,0,1,0.67,0.1172948538279251,2.9115776537187754,0.3422789975712911,14.315390873824708,2.25,19.9365423789427,-233.5051409083509,Tradicional
2019,10,86.24,15.35627620967742,30.098,5.673013409254305,0.2231516427170169,0,1,0.67,0.1335281040968318,2.9608049636666527,0.341446421332141,14.31154711996716,2.25,19.997326609062785,-233.2441882572722,Tradicional
2019,11,86.14,8.784636805555555,119.98799999999996,1.41907599584611,0.0696883964032582,0,1,0.67,0.1117530167135225,2.961435013700474,0.3424996059464573,14.31159170051331,2.25,19.977279336873764,-233.3610840741757,Tradicional
2019,12,86.03999999999999,7.675431451612903,29.896000000000004,1.1695752764161524,0.1158874117071139,0,0,0.67,0.104326954335958,2.9728797272101506,0.3423844101356244,14.309719641777304,2.25,19.97931073345904,-233.38279591330905,Tradicional
2020,1,87.10000000000001,5.285847446236557,38.986,1.0070003216204224,0.0627831037545798,0,0,0.67,0.0925419803415136,2.971703772141165,0.3423900697284439,14.308650306712314,2.25,19.96528612892344,-233.4373333362967,Tradicional
2020,2,87.04,9.723227011494256,10.504,3.397971018587573,0.0848454696360606,0,0,0.67,0.0722999191258737,2.944800438801229,0.3405770058871251,14.304028801400063,2.25,19.91170616521429,-233.6880705144316,Tradicional
2020,3,86.9,9.555620295698924,100.59600000000002,5.060721124241758,0.1086111635698244,0,0,0.67,0.0740544109115145,2.934509535155683,0.3376957581634822,14.29811212006791,2.25,19.89437182429859,-233.76631921812407,Tradicional
2020,4,86.8,12.685195138888885,61.408,3.966719051790426,0.2071630719919787,0,1,1.44,0.1570933172587127,2.953759079761772,0.3355088191452936,14.293243589002602,2.25,19.98960480516838,-233.27981265368825,Tradicional
2020,5,86.7,17.77478494623656,39.188,14.41172473022779,0.1793868118614694,0,1,1.44,0.1531825385435709,2.922832971414774,0.3372289023212274,14.290990376703428,2.25,19.954234788983,-233.4611900178999,Tradicional
2020,6,86.60000000000001,18.40657430555556,47.066,12.495505351943518,0.1927143767167458,0,1,1.44,0.1572218469081828,2.8934669235744,0.338285640537025,14.287856307437604,2.25,19.92683071845721,-233.60914641012,Tradicional
2020,7,86.64,22.230161290322584,9.09,21.811177141499417,0.1722674466253517,0,1,1.44,0.1325466606886744,2.826185818882526,0.3381716337638863,14.28173629079082,2.25,19.828640404125903,-234.1054929326537,Tradicional
2020,8,86.4,21.78939516129032,32.926,16.394468608411493,0.2057061333554473,0,1,0.67,0.1097113382575899,2.818174694480255,0.3359707656140061,14.273384519256938,2.25,19.78724131760879,-234.3419381899805,Tradicional
2020,9,86.3,18.80441180555556,28.078,12.815579730877577,0.2127232295869334,0,1,0.67,0.1153437966906556,2.838031976155388,0.333465405625295,14.265824612991322,2.25,19.802665791462665,-234.29614527033385,Tradicional
2020,10,86.2,12.888693963051937,30.704,4.5851050142053005,0.2471569937826455,0,1,0.67,0.1525244800744868,2.921160707366324,0.3333805363301225,14.263166491501616,2.25,19.92023221527255,-233.75281493202328,Tradicional
2020,11,86.10000000000001,9.865588194444443,31.31000000000001,1.35273373934728,0.0730710369159201,0,1,0.67,0.1182011805201611,2.91797609406652,0.3354049647343876,14.263849599539984,2.25,19.88543183886105,-233.94285116091885,Tradicional
2020,12,86.0,6.526835349462365,67.67,1.2201856139253997,0.0839113483640201,0,0,0.67,0.1020898729225477,2.9207591246036344,0.3359289007558297,14.26283086723828,2.25,19.871608765520293,-234.0357051071147,Tradicional
2011,1,108.07,5.303508064516127,23.15,1.349773176231612,0.1466135360433746,0,0,0.75,0.1979000934670761,4.361742572807437,0.4975921042291956,18.85834281631086,2.25,26.165577586814567,-22.37142763740718,Orgánica
2011,2,107.97,7.077819940476191,34.41,2.6387363486182087,0.1730422862922266,0,0,0.75,0.1828671186635955,4.382928755727194,0.4990734135973608,18.86014537472076,2.25,26.17501466270891,-22.309324898635907,Orgánica
2011,3,107.87,8.573790322580646,38.67,3.55859915848101,0.1180216310224638,0,1,0.75,0.1669389248752009,4.391327132728772,0.50005103866657,18.86147065525177,2.25,26.16978775152232,-22.322000765321537,Orgánica
2011,4,107.77,14.102173611111114,45.19,9.009340581424668,0.2733854951298752,0,1,1.5,0.2338430965460175,4.3873162496320175,0.4990868402788434,18.860303408989523,2.25,26.2305495954464,-22.07869217686187,Orgánica
2011,5,107.67,16.70707661290323,36.12,11.786551558573008,0.2432925182242684,0,1,1.5,0.2236854023741995,4.342002266669094,0.5014276077639364,18.862629294103808,2.25,26.17974457091104,-22.265553369009595,Orgánica
2011,6,107.57,18.494375,23.2,15.175452907847705,0.2535378156206019,0,1,1.5,0.2151046921679201,4.281425990470251,0.5020555033855583,18.86284901116909,2.25,26.11143519719282,-22.524101779249904,Orgánica
2011,7,107.61,19.744630376344087,18.98,18.43883626573353,0.2234574646419332,0,1,1.5,0.1878540569970195,4.196409119657384,0.5011308818240493,18.86106846728958,2.25,25.99646252576803,-22.95159107736655,Orgánica
2011,8,107.53,22.514240591397844,5.23,20.442375799943107,0.2410044700416088,0,1,0.75,0.139170039853668,4.130811934046862,0.4959804962981806,18.8535674373388,2.25,25.869529907537512,-23.43288004514565,Orgánica
2011,9,107.27,19.960715277777776,26.82,12.415765360762933,0.2817705004713,0,1,0.75,0.154839319670018,4.121094292026834,0.4890907727479706,18.84413351431689,2.25,25.859157898761715,-23.499148110802672,Orgánica
2011,10,107.37,14.963803763440865,10.69,8.327003772963014,0.2490987400427803,0,1,0.75,0.1668755496918432,4.1481162418115485,0.4868761023189315,18.84066563480836,2.25,25.892533528630683,-23.38285169168941,Orgánica
2011,11,107.07,10.5598125,48.96,1.1939813241474204,0.1523595178985143,0,1,0.75,0.1577984136981007,4.162400232513106,0.4869844379059744,18.8404023132921,2.25,25.89758539740928,-23.39120038196996,Orgánica
2011,12,106.97,6.890282258064516,20.73,1.5650989947930214,0.1168897734244038,0,1,0.75,0.1614510618426831,4.185891940023235,0.4872470418606611,18.84058241370423,2.25,25.92517245743081,-23.313945309558548,Orgánica
2012,1,108.06,6.189502688172042,8.47,1.551930375894411,0.1594766554109356,0,0,0.75,0.1647425751754944,4.212754557837517,0.4873641974937885,18.840438368634448,2.25,25.95529969914125,-23.16427877470806,Orgánica
2012,2,107.98,4.479985632183908,8.28,3.443687920019449,0.1680155579039822,0,0,0.75,0.1853831395301987,4.261801735766952,0.4878576601360733,18.840879957172685,2.25,26.025922492605908,-22.87441267764689,Orgánica
2012,3,107.9,10.365853494623655,4.82,10.15828045123509,0.1322596654155409,0,1,0.75,0.1609098350376132,4.264385944436129,0.4889707183398633,18.841857791039413,2.25,26.00612428885302,-22.93908856446048,Orgánica
2012,4,107.82,9.628916666666663,9.29,5.1787562957354005,0.2518586060345576,0,1,1.5,0.2464588818062938,4.298698531589414,0.4891169253434903,18.841806357621387,2.25,26.126080696360585,-22.470048584337988,Orgánica
2012,5,107.74,16.508850806451612,7.87,14.947382594361011,0.2617963638692353,0,1,1.5,0.2404695974565689,4.265916267061846,0.4926827541984102,18.844832494586985,2.25,26.093901113303808,-22.58293694838665,Orgánica
2012,6,107.66,20.611062500000006,5.43,20.226988113589098,0.2626002315267974,0,1,1.5,0.2128670194719149,4.186954523191165,0.4939064354096896,18.84442446437549,2.25,25.98815244244826,-22.97781523254916,Orgánica
2012,7,107.58,20.564764784946234,8.08,21.49160784651096,0.2873974605640397,0,1,1.5,0.2216167114980323,4.1218560014330015,0.4926015119365201,18.841194804865488,2.25,25.92726902973304,-23.20783844027463,Orgánica
2012,8,107.5,23.156451612903226,6.86,22.269074504046323,0.2755924100060277,0,1,0.75,0.1578493734202002,4.072204328986619,0.4901759279582917,18.83570619381082,2.25,25.805935824175933,-23.67304510082501,Orgánica
2012,9,107.24,18.43663888888889,26.86600000000001,10.552417877096508,0.299930985940701,0,1,0.75,0.1732289694225402,4.092307009190029,0.4859396893552921,18.82923843132525,2.25,25.83071409929312,-23.610421626801383,Orgánica
2012,10,107.34,13.69076948924731,13.938,3.738562507238408,0.2489221775636967,0,1,0.75,0.181684365638278,4.133060196565831,0.4854263775958931,18.827800155486,2.25,25.877971095286,-23.44381734563017,Orgánica
2012,11,107.26,8.276090066425121,13.13,1.143836904263409,0.1271409050425456,0,1,0.75,0.1723403752374333,4.152389705575241,0.4863939828882918,18.82869301694296,2.25,25.889817080643923,-23.41386359367792,Orgánica
2012,12,107.18,6.622586693548386,5.656,1.3300324100350012,0.1045364373296062,0,1,0.75,0.168285747774681,4.170804990825674,0.4870842417344254,18.82937950713085,2.25,25.90555448746564,-23.37146694164527,Orgánica
2013,1,108.01,6.887975806451611,63.22600000000001,1.9380292248238773,0.1472610212760305,0,0,0.75,0.1572628329186741,4.182915937831968,0.4873098551424715,18.829288599920755,2.25,25.90677722581387,-23.337850397051497,Orgánica
2013,2,107.91,5.416090773809523,79.386,1.6082861472151082,0.1726858098996574,0,0,0.75,0.1744420111438435,4.225699299315099,0.4874090013284538,18.829208128019072,2.25,25.96675843980647,-23.091014032129987,Orgánica
2013,3,107.81,8.271781586021506,96.96,3.686920790260673,0.191671971370473,0,1,0.75,0.1953299049060847,4.280743008437311,0.4881923715068322,18.82994929902221,2.25,26.04421458387244,-22.78708796348805,Orgánica
2013,4,107.71,10.543011805555556,56.964,7.221038795573187,0.2290128586017471,0,1,1.5,0.2458154534796462,4.297398226247421,0.4897486296934216,18.83145888874337,2.25,26.11442119816386,-22.51798722732489,Orgánica
2013,5,107.61,11.13557190860215,47.47,6.7791393674704254,0.2967499057337558,0,1,1.5,0.3085865168953265,4.335269734289966,0.4935894800743498,18.8356665431742,2.25,26.223112274433845,-22.1145979652847,Orgánica
2013,6,107.51,16.352145833333335,70.49800000000002,11.19133997993652,0.2238306267320539,0,1,1.5,0.2402039790449341,4.287918428612355,0.5010910026884489,18.84371649996092,2.25,26.12292991030666,-22.497969357994528,Orgánica
2013,7,107.55,23.17917338709677,14.342,20.0299640222732,0.2059771290976978,0,1,1.5,0.1665611359563697,4.154557500295073,0.5001803928886812,18.841059863773346,2.25,25.912358892913467,-23.28786070201061,Orgánica
2013,8,107.47,21.27396505376344,6.262,16.935033469988525,0.2628594157803002,0,1,0.75,0.1485743552496189,4.117895717241834,0.494146610423347,18.83279775299325,2.25,25.84341443590806,-23.553772002892327,Orgánica
2013,9,107.21,18.560125000000006,21.614,10.112126277815598,0.2403909425892724,0,1,0.75,0.1445996394090096,4.1008947092516665,0.4890465202844729,18.82566831320719,2.25,25.81020918215233,-23.70748745974072,Orgánica
2013,10,107.11,15.281229166666662,29.49200000000001,5.138513441557693,0.2176282078393701,0,1,0.75,0.1478720198264403,4.107173178255966,0.4859804888986639,18.82117671603154,2.25,25.812202403012613,-23.72912500159008,Orgánica
2013,11,107.01,8.6383125,58.37800000000001,1.7507216022650245,0.1064920328115176,0,1,0.75,0.1393339510854269,4.112184821457015,0.4856530708385962,18.82054887305908,2.25,25.80772071644012,-23.76726323930889,Orgánica
2013,12,106.91,4.50071438172043,24.644,1.0239302610155183,0.1064272493793765,0,1,0.75,0.1568557791269621,4.145318641273911,0.4855951692960463,18.82041712752399,2.25,25.85818671722091,-23.603632534875963,Orgánica
2014,1,107.98,6.91567069892473,47.46999999999999,1.204074926460118,0.1292427765064195,0,0,0.75,0.1429129508915287,4.14724868840509,0.4853169635136746,18.819675747736373,2.25,25.845154350546665,-23.62462588443004,Orgánica
2014,2,107.88,6.58740625,21.008,2.8829947198245063,0.1088947810729167,0,0,0.75,0.1289333580663792,4.141324646215313,0.4845568388150059,18.81840006132505,2.25,25.823214904421743,-23.69578253272131,Orgánica
2014,3,107.78,9.62048185483871,56.964000000000006,6.86465149903837,0.1917538634512208,0,1,0.75,0.1586219127239527,4.18645642729021,0.4833508351437555,18.81661065114669,2.25,25.895039826304608,-23.407960832311005,Orgánica
2014,4,107.68,13.987634722222223,35.956,10.002549464589572,0.2509429634751863,0,1,1.5,0.2175474458830731,4.179946896193169,0.4822565317770699,18.814294008870142,2.25,25.944044882723457,-23.21222082431951,Orgánica
2014,5,107.58,14.3497063172043,34.541999999999994,13.562539885344876,0.2128368444924105,0,1,1.5,0.216775731031702,4.154593185865868,0.4845206951391651,18.815781876145845,2.25,25.92167148818258,-23.29970476176324,Orgánica
2014,6,107.48,19.332048611111112,58.776,17.57822577248064,0.2856712931039764,0,1,1.5,0.2277805891845256,4.104346939208954,0.4847783460030851,18.81384709091256,2.25,25.88075296530912,-23.461530563505416,Orgánica
2014,7,107.38,20.24127688172043,44.440000000000005,16.297386583329878,0.2956306128654554,0,1,1.5,0.2316720132253207,4.049777168570221,0.4851785280593207,18.81182661402037,2.25,25.82845432387523,-23.672877762033195,Orgánica
2014,8,107.28,20.653084677419347,25.652,16.231042991816366,0.2953203848209381,0,1,0.75,0.1796330421404478,4.043379686182947,0.485392865876582,18.80950237106716,2.25,25.76790796526714,-23.92194560571237,Orgánica
2014,9,107.18,19.8963125,55.95400000000001,11.274706156577407,0.2597566917114364,0,1,0.75,0.1555865723417552,4.025415874334587,0.4820578402785548,18.80328299836057,2.25,25.716343285315464,-24.1420133384026,Orgánica
2014,10,107.08,16.34316061827957,32.724000000000004,5.856919948737396,0.2523832182488689,0,1,0.75,0.1616042833911913,4.042629736396743,0.4792922424503418,18.798429087270105,2.25,25.73195534950838,-24.11379684771042,Orgánica
2014,11,106.98,10.134520833333331,99.78800000000004,1.310402194573081,0.1619419217794541,0,1,0.75,0.1617928413979148,4.06792155793725,0.479324212522523,18.79784151992114,2.25,25.75688013177883,-24.04688285395796,Orgánica
2014,12,106.88,6.601987231182795,42.42,1.299341713877795,0.1790609292863954,0,1,0.75,0.1928016724809677,4.129902711978896,0.4797704568765025,18.79808295360082,2.25,25.850557794937185,-23.73128587203988,Orgánica
2015,1,107.95,5.466074596774193,46.46,1.8144281308326669,0.1136787430587742,0,0,0.75,0.1713335969882717,4.139162743385903,0.4812740803876257,18.79941487423858,2.25,25.84118529500038,-23.741226130839287,Orgánica
2015,2,107.85,4.554815476190476,64.034,1.5026517635048493,0.1386296773354834,0,0,0.75,0.1766549244990208,4.171538462322209,0.4820195432118977,18.800001949697,2.25,25.88021487973013,-23.575407542408165,Orgánica
2015,3,107.75,9.500137768817202,88.678,5.734016981536264,0.1155604682678122,0,1,0.75,0.1551399838839432,4.173691186983805,0.4828793279359159,18.800568109348333,2.25,25.862278608152,-23.635973105636587,Orgánica
2015,4,107.65,12.704199999999998,21.008,10.060745965870234,0.2065406193352799,0,1,1.5,0.1967858363889464,4.162741891316891,0.4820445764345853,18.798773583879704,2.25,25.89034588802013,-23.519989622120875,Orgánica
2015,5,107.65,16.324070564516127,2.626,15.528265075036686,0.2568400411976587,0,1,1.5,0.2218116718236985,4.134348674323435,0.4824086418649026,18.797606868738587,2.25,25.886175856750626,-23.52366441028497,Orgánica
2015,6,107.45,20.25099305555556,42.824,18.349691613170656,0.2014072058623043,0,1,1.5,0.1736657173212813,4.040714962935283,0.4826652925860833,18.795209937043207,2.25,25.742255909885856,-24.07986183145561,Orgánica
2015,7,107.35,23.22979838709678,34.946000000000005,21.717160983415727,0.2608976724374184,0,1,1.5,0.1874543819887381,3.941185901557644,0.4768089130827025,18.78457133434556,2.25,25.64002053097464,-24.481703122950503,Orgánica
2015,8,107.41,21.738017473118283,19.19,18.798122139540013,0.2197123259898621,0,1,0.75,0.1327989615434053,3.884356651212961,0.4731574933387878,18.776450696453857,2.25,25.51676380254901,-24.956863931284488,Orgánica
2015,9,107.33,16.82336944444444,13.332,9.687145423437077,0.2609999608220678,0,1,0.75,0.1555226741785923,3.906023722482997,0.468704810344791,18.76881555252945,2.25,25.549066759535823,-24.842764219398905,Orgánica
2015,10,107.05,13.510167338709682,33.330000000000005,4.841941218436375,0.2971075122880271,0,1,0.75,0.1956934772377123,3.980657252790388,0.4676251502201548,18.76577279424181,2.25,25.659748674490068,-24.46094329991999,Orgánica
2015,11,106.95,10.340930555555554,27.472,1.844629192100296,0.1731029930276806,0,1,0.75,0.1844102253746372,4.0116082302016105,0.4693797527940175,18.76670916051709,2.25,25.68210736888736,-24.40554135146333,Orgánica
2015,12,107.09,6.256395833333334,5.454,0.6243298369016703,0.1513816173563353,0,1,0.75,0.1997171226840228,4.060609876063644,0.4705686225287668,18.767626375430364,2.25,25.7485219967068,-24.172929920980856,Orgánica
2016,1,107.92,7.2,81.2,1.14507225,0.1586034939848457,0,0,0.75,0.1763728242418534,4.077478526083695,0.4725256796619311,18.768836742407736,2.25,25.74521377239521,-24.150167661462053,Orgánica
2016,2,107.82,7.1,99.6,1.7692758992999993,0.1602510709157305,0,0,0.75,0.1653509972355361,4.096159187075545,0.4733985414318603,18.768886400702343,2.25,25.753795126445283,-24.09725302121979,Orgánica
2016,3,107.72,7.6,64.4,3.721141351199999,0.1070329865957578,0,1,0.75,0.1577527644822773,4.10959854593289,0.4740760363547949,18.769168514463203,2.25,25.760595861233163,-24.068379929788385,Orgánica
2016,4,107.62,10.2,20.8,6.744107747999999,0.2154456487002942,0,1,1.5,0.2190309491362518,4.126845547429209,0.4742103175204065,18.76850200311396,2.25,25.838588817199827,-23.764894548398253,Orgánica
2016,5,107.52,14.8,20.0,11.806169348399996,0.2567039728076755,0,1,1.5,0.2402862023096994,4.115762453698712,0.4767481522944023,18.76974057735032,2.25,25.85253738565313,-23.713082297332267,Orgánica
2016,6,107.54,19.3,12.5,17.751575352000003,0.2592680196160409,0,1,1.5,0.2182443031816172,4.056854819413584,0.4791795008524975,18.76971645232284,2.25,25.773995075770536,-24.006589615325424,Orgánica
2016,7,107.32,21.6,34.5,18.166171829400003,0.2415305442123166,0,1,1.5,0.1905116774432348,3.9673007339316553,0.4783563924385709,18.765291660920507,2.25,25.65146046473397,-24.489990965488538,Orgánica
2016,8,107.38,22.1,3.6,20.67655553880001,0.2211536536786897,0,1,0.75,0.1326799544798991,3.9060670533771593,0.4746841011245279,18.757243427163665,2.25,25.52067453614525,-24.994737634920217,Orgánica
2016,9,107.3,19.8,12.7,11.2207834592,0.2556987084477891,0,1,0.75,0.1425816044146573,3.892473902286001,0.4681728139911686,18.74636725183341,2.25,25.49959557252524,-25.08673680644557,Orgánica
2016,10,107.22,14.4,11.9,5.281186013599999,0.2982175788272405,0,1,0.75,0.1859355564302271,3.95950397193344,0.4659661523356921,18.741767798450987,2.25,25.603173479150342,-24.70867565298118,Orgánica
2016,11,106.92,9.0,85.2,1.7985467135999995,0.1987240145672154,0,1,0.75,0.2001861071961759,4.016416463923343,0.4673568318862911,18.742473578084475,2.25,25.676432981090286,-24.4675872095359,Orgánica
2016,12,107.06,6.2,12.7,0.4722117119999998,0.1177904746549835,0,1,0.75,0.1973053765428614,4.04654404101851,0.4689987482210613,18.743895328728463,2.25,25.706743494510896,-24.370018654521928,Orgánica
2017,1,107.89,5.06267876344086,37.37,1.9601295669196768,0.1176785759270919,0,0,0.75,0.1801602294951415,4.063203410658305,0.4707922226570712,18.745315920514965,2.25,25.709471783325483,-24.3375890666332,Orgánica
2017,2,107.79,8.280480654761908,28.88600000000001,2.369949361708293,0.147886872187225,0,0,0.75,0.1509088964872656,4.060661977937991,0.4716372986400702,18.744977748570545,2.25,25.67818592163588,-24.43698103029035,Orgánica
2017,3,107.69,11.02731787634409,32.11800000000001,7.150407213406988,0.1358755247281978,0,1,0.75,0.1390269039815541,4.06290493027667,0.4712893513181689,18.74352714860942,2.25,25.66674833418581,-24.473253551195008,Orgánica
2017,4,107.67,12.794009027777776,5.656000000000001,14.635165767236318,0.2522640914053161,0,1,1.5,0.2161788401268678,4.071861343821142,0.4698229994216439,18.740395665508032,2.25,25.748258848877686,-24.143713610237818,Orgánica
2017,5,107.49,17.40992338709678,74.742,15.174345870940668,0.2100097950103002,0,1,1.5,0.1933576886048353,4.015873135655384,0.471564646121468,18.739639471632373,2.25,25.67043494201406,-24.44655731320189,Orgánica
2017,6,107.39,21.29429861111112,42.622,16.248686998847507,0.2798745696075494,0,1,1.5,0.209541467883109,3.946965814334973,0.469439954151839,18.733033727464512,2.25,25.60898096383444,-24.68949807903642,Orgánica
2017,7,107.43,22.062815860215053,15.756,20.95895238694313,0.2678728280207859,0,1,1.5,0.2025614082177201,3.867880416791151,0.4680119806914719,18.726682926767307,2.25,25.51513673246765,-25.04864277990615,Orgánica
2017,8,107.19,21.624079301075263,36.36,17.149933206077733,0.2641198797081599,0,1,0.75,0.1554118866275455,3.8410513418293606,0.4660510092589811,18.719758853353024,2.25,25.43227309106891,-25.39302635962848,Orgánica
2017,9,107.27,17.140497916666668,5.656000000000001,9.848087264616217,0.2369263484424902,0,1,0.75,0.1511770104428029,3.847145649954717,0.4632360983567177,18.713470370251635,2.25,25.42502912900587,-25.429962527124594,Orgánica
2017,10,106.99,15.638098790322584,21.412,6.967025024428274,0.2652478600039921,0,1,0.75,0.1689904614693288,3.884405494175276,0.4611072305613296,18.708293213299903,2.25,25.47279639950584,-25.2842815537474,Orgánica
2017,11,107.11,8.810162499999999,18.180000000000003,2.6827869952845096,0.1537788549978042,0,1,0.75,0.1717742577451732,3.918164565073043,0.4618931677266918,18.70817814155185,2.25,25.510010132096763,-25.1567807544928,Orgánica
2017,12,106.79,5.944842069892473,58.58000000000002,1.1707461314458132,0.1391642959434305,0,1,0.75,0.1873612434456175,3.963007495348345,0.4627744853223914,18.70863002984484,2.25,25.5717732539612,-24.953769171412898,Orgánica
2018,1,107.86,6.893093413978495,115.342,1.674623615280012,0.1129213718455575,0,0,0.75,0.1531665783219082,3.959027512020129,0.4642880533187131,18.70911667685716,2.25,25.535598820517905,-25.067907719581008,Orgánica
2018,2,107.76,4.846835565476192,35.754000000000005,1.8545191368073937,0.1147461997230162,0,0,0.75,0.1516347775306509,3.977128881541432,0.4646046178220515,18.708722720141783,2.25,25.55209099703592,-24.992100186488344,Orgánica
2018,3,107.66,8.191313844086022,52.318,5.455574167677591,0.1736172854777509,0,1,0.75,0.173300116359393,4.02566491266726,0.4648479039586619,18.708192886822413,2.25,25.62200581980773,-24.711014206776348,Orgánica
2018,4,107.56,11.98709166666667,86.052,6.527238403823803,0.2802768240639293,0,1,1.5,0.2543470922272227,4.054286662836629,0.4655617308907182,18.707499367517368,2.25,25.731694853471936,-24.28008066274612,Orgánica
2018,5,107.46,14.422921370967742,65.64800000000001,8.873373812827142,0.2798333806202974,0,1,1.5,0.2713890329629156,4.058309483180672,0.4704976904786791,18.71117157015677,2.25,25.76136777677904,-24.169422855871648,Orgánica
2018,6,107.36,19.063881944444443,39.39,11.556766439052812,0.2796169262601047,0,1,1.5,0.240176025918859,4.012439504238827,0.4755230517137145,18.713815548273764,2.25,25.691954130145163,-24.44330598205302,Orgánica
2018,7,107.26,21.980349462365588,117.76400000000002,14.99282729709878,0.2389998412310355,0,1,1.5,0.1917431303249777,3.919642140135104,0.4763278274931036,18.710901688112177,2.25,25.54861478606536,-25.004798728350487,Orgánica
2018,8,107.32,22.45317204301076,0.0,17.71929664772765,0.2767735641748323,0,1,0.75,0.1554629050619076,3.8885650206143874,0.4724598190100277,18.7024140620608,2.25,25.46890180674712,-25.31381706619584,Orgánica
2018,9,107.06,20.07527777777778,45.45,10.089043969971392,0.2808757847424853,0,1,0.75,0.1580286216197166,3.8871164811443566,0.4675571741478645,18.693245459868148,2.25,25.45594773678009,-25.396040097727667,Orgánica
2018,10,106.96,13.655982526881724,28.482,4.441771099347957,0.2905190309376038,0,1,0.75,0.1931300653380814,3.957059599181033,0.4665599489421586,18.69031559408953,2.25,25.557065207550803,-25.047285581246022,Orgánica
2018,11,106.86,9.189856944444443,60.802000000000014,1.053594012568207,0.1548858960783149,0,1,0.75,0.1843268552461637,3.987456732904761,0.4682026504422831,18.691358392135992,2.25,25.5813446307292,-24.982169399534904,Orgánica
2018,12,106.76,8.254520161290321,25.856,1.4486459896111472,0.1373623724284414,0,1,0.75,0.1786000469276244,4.014668382131074,0.4695003333760281,18.6921902446328,2.25,25.604959007067524,-24.92194679191117,Orgánica
2019,1,107.83,6.093131720430107,44.844,1.8610888834800328,0.1605376867862606,0,0,0.75,0.1763636019194325,4.045793177141576,0.4705700394924086,18.69263904607036,2.25,25.63536586462378,-24.77105127144885,Orgánica
2019,2,107.73,7.759191964285717,37.97600000000001,3.684157481105254,0.1499976582723419,0,0,0.75,0.1547750415209579,4.051318136329247,0.4713169306543067,18.6923863511662,2.25,25.619796459670702,-24.810753467946256,Orgánica
2019,3,107.69,10.235943548387096,9.09,9.54604581586889,0.1241969700805204,0,1,0.75,0.1410684833693049,4.054024387902705,0.4713015800774583,18.691506798429856,2.25,25.607901249779324,-24.84765296209468,Orgánica
2019,4,107.53,11.418480555555556,63.22600000000001,7.489424118666054,0.2550682983477511,0,1,1.5,0.2263578378085821,4.077232708746215,0.4703773685458222,18.689361423336777,2.25,25.7133293384374,-24.43561360927205,Orgánica
2019,5,107.43,14.35995497311828,32.522,14.216634184525317,0.2142579824080417,0,1,1.5,0.2211544122908311,4.055057902024047,0.4734777498394368,18.691253156593,2.25,25.69094322074731,-24.5250834491374,Orgánica
2019,6,107.33,20.488104166666663,45.854000000000006,21.41793010474886,0.2321307121395099,0,1,1.5,0.1907514479161766,3.9743879524111527,0.4739318169530775,18.68835546546343,2.25,25.57742668274384,-24.967425551849388,Orgánica
2019,7,107.23,22.909260752688176,29.896000000000004,21.34108242526835,0.2269733830623281,0,1,1.5,0.1712312121879621,3.868214051972982,0.4701631727246816,18.67957265290077,2.25,25.439181089786395,-25.51133883627288,Orgánica
2019,8,107.29,22.37980510752688,11.514,18.996583608776657,0.2806390266196592,0,1,0.75,0.1534158514484313,3.842624434939639,0.4650126512632868,18.668969050144867,2.25,25.380021987796223,-25.742242646915493,Orgánica
2019,9,107.03,18.3855625,64.83800000000001,10.05319015566192,0.2088646042979162,0,1,0.75,0.1331545612159531,3.819751621087476,0.4614109684567734,18.661325502929536,2.25,25.32564265368974,-25.97959307394393,Orgánica
2019,10,106.93,15.35627620967742,30.098,5.673013409254305,0.297823768080934,0,1,0.75,0.177588325621076,3.8792154239523424,0.4583087442330648,18.65506688751936,2.25,25.42017938132584,-25.654753404495303,Orgánica
2019,11,106.83,8.784636805555555,119.98799999999996,1.41907599584611,0.1641352654126111,0,1,0.75,0.1817874265293158,3.919158835390884,0.4594790285210481,18.65535772775223,2.25,25.46578301819348,-25.509098983011903,Orgánica
2019,12,106.73,7.675431451612903,29.896000000000004,1.1695752764161524,0.1937298503716066,0,1,0.75,0.205464629297462,3.98366613379921,0.4607944338321979,18.65604951344322,2.25,25.55597471037209,-25.20524111757416,Orgánica
2020,1,107.8,5.285847446236557,38.986,1.0070003216204224,0.1655920489256468,0,0,0.75,0.2036161191198509,4.026337425075128,0.4630212885917502,18.65774262940983,2.25,25.60071746219656,-24.99799239259981,Orgánica
2020,2,107.74,9.723227011494256,10.504,3.397971018587573,0.1237127655560219,0,0,0.75,0.1372018447156956,3.991743132746484,0.4650477155353683,18.65797157417024,2.25,25.501964267167786,-25.35541780844519,Orgánica
2020,3,107.6,9.555620295698924,100.59600000000002,5.060721124241758,0.1982145346600789,0,1,0.75,0.1666609561815593,4.043426457900669,0.4645384166367214,18.656402092859043,2.25,25.58102792357799,-25.03635240637103,Orgánica
2020,4,107.5,12.685195138888885,61.408,3.966719051790426,0.2812160019755455,0,1,1.5,0.2471222985513099,4.065449868393002,0.464807579879963,18.6550782307698,2.25,25.68245797759408,-24.637796368158327,Orgánica
2020,5,107.4,17.77478494623656,39.188,14.41172473022779,0.2511651836276988,0,1,1.5,0.2251298369663173,4.022161121835216,0.4688738252015008,18.656681052270176,2.25,25.62284583627321,-24.86807144493852,Orgánica
2020,6,107.3,18.40657430555556,47.066,12.495505351943518,0.2591509164231309,0,1,1.5,0.2194052771547049,3.976722822084928,0.4707514794130981,18.655854050753703,2.25,25.57273362940644,-25.068534741404136,Orgánica
2020,7,107.34,22.230161290322584,9.09,21.811177141499417,0.2399629575801078,0,1,1.5,0.1870721190959011,3.8832050429022247,0.4700095869814447,18.65063982120809,2.25,25.440926570187663,-25.57463929856329,Orgánica
2020,8,107.1,21.78939516129032,32.926,16.394468608411493,0.2367665497167398,0,1,0.75,0.139835932582007,3.8382460899377526,0.466591973855766,18.64240393830644,2.25,25.33707793468196,-25.9990861324042,Orgánica
2020,9,107.0,18.80441180555556,28.078,12.815579730877577,0.2674567679376829,0,1,0.75,0.1528614210637082,3.8446378186400585,0.4616155273916582,18.63320436859078,2.25,25.342319135686203,-26.00744608834837,Orgánica
2020,10,106.9,12.888693963051937,30.704,4.5851050142053005,0.2301328205935844,0,1,0.75,0.1693521778163602,3.888264626348639,0.460771960958443,18.630389747929105,2.25,25.398778513052548,-25.82159189645505,Orgánica
2020,11,106.8,9.865588194444443,31.31000000000001,1.35273373934728,0.1657688860520215,0,1,0.75,0.1697355828507453,3.920509720466757,0.4614941017110334,18.63006598785332,2.25,25.43180539288185,-25.724308096215065,Orgánica
2020,12,106.7,6.526835349462365,67.67,1.2201856139253997,0.1277744101020262,0,1,0.75,0.1770327625923858,3.9551360488345937,0.4623528788575381,18.630458679339224,2.25,25.474980369623744,-25.58849901834348,Orgánica
2011,1,96.85,5.303508064516127,23.15,1.349773176231612,0.1700686730733404,0,0,0.8,0.2572525836140254,4.101474852097236,0.4842574963097695,18.264340955814763,2.25,25.357325887835795,-125.67024838410124,Intensiva
2011,2,96.75,7.077819940476191,34.41,2.6387363486182087,0.1745448751726029,0,0,0.8,0.2188838470171815,4.125385216950841,0.4883340256116692,18.269294507997927,2.25,25.35189759757762,-125.66079842527968,Intensiva
2011,3,96.65,8.573790322580646,38.67,3.55859915848101,0.2297599791959555,0,1,0.8,0.2413911924488682,4.1974564709907645,0.4905010290485428,18.272179394514367,2.25,25.451528087002544,-125.29127655596494,Intensiva
2011,4,96.55,14.102173611111114,45.19,9.009340581424668,0.305187039193031,0,1,1.6,0.2887542282563555,4.206475922608578,0.4937277940605813,18.27633172629455,2.25,25.515289671220067,-125.05449211350027,Intensiva
2011,5,96.45,16.70707661290323,36.12,11.786551558573008,0.3181983698041624,0,1,1.6,0.2917721413945048,4.192108012527063,0.4993422667816408,18.283344736611976,2.25,25.516567157315187,-125.04936027356206,Intensiva
2011,6,96.35,18.494375,23.2,15.175452907847705,0.2641598953206284,0,1,1.6,0.2447127878911401,4.137308824026752,0.5042858233008795,18.28990072539087,2.25,25.42620816060964,-125.3721661892323,Intensiva
2011,7,96.39,19.744630376344087,18.98,18.43883626573353,0.2982441154154626,0,0,1.6,0.2078159861147369,3.974967125547872,0.4979539328295521,18.281873150281296,2.25,25.212610194773458,-126.11570769534576,Intensiva
2011,8,96.31,22.514240591397844,5.23,20.442375799943107,0.2808150941881276,0,0,0.8,0.1379725106902183,3.8152121362642046,0.4841028879104908,18.26232644695113,2.25,24.949613981816043,-127.05656110827148,Intensiva
2011,9,96.05,19.960715277777776,26.82,12.415765360762933,0.2947649204670425,0,0,0.8,0.1442315688005617,3.719798987325434,0.4683008402345323,18.23981319253473,2.25,24.822144588895256,-127.54788816936312,Intensiva
2011,10,96.15,14.963803763440865,10.69,8.327003772963014,0.3454908366019261,0,1,0.8,0.2095517936591466,3.807647561737316,0.4653426359264662,18.23513755115985,2.25,24.967679542482784,-127.03875199044911,Intensiva
2011,11,95.85,10.5598125,48.96,1.1939813241474204,0.1771770335287541,0,1,0.8,0.1949028713280826,3.839274170162137,0.4674187104349324,18.23693285360986,2.25,24.988528605535013,-126.99635164130096,Intensiva
2011,12,95.75,6.890282258064516,20.73,1.5650989947930214,0.1743567933938763,0,1,0.8,0.2150312876515035,3.896198164636136,0.4687923453343692,18.238315386087752,2.25,25.06833718370976,-126.74990276508468,Intensiva
2012,1,96.82,6.189502688172042,8.47,1.551930375894411,0.1520493109482152,0,0,0.8,0.1959633411319727,3.920850835350489,0.4711095846309244,18.24064993826376,2.25,25.07857369937713,-126.6771232682392,Intensiva
2012,2,96.74,4.479985632183908,8.28,3.443687920019449,0.1810703724907949,0,0,0.8,0.2153384437954177,3.9777377733181294,0.4725598732388392,18.24219799901908,2.25,25.157834089371462,-126.36825334702272,Intensiva
2012,3,96.66,10.365853494623655,4.82,10.15828045123509,0.249154899991338,0,1,0.8,0.2318042671782452,4.048029640323385,0.4749388540492078,18.24468130459343,2.25,25.24945406614427,-126.01756889723504,Intensiva
2012,4,96.58,9.628916666666663,9.29,5.1787562957354005,0.2945192920486226,0,1,1.6,0.3185933552110624,4.098245847091809,0.4779909568841148,18.2481066253314,2.25,25.392936784518383,-125.4950460762535,Intensiva
2012,5,96.5,16.508850806451612,7.87,14.947382594361011,0.3477889725121427,0,1,1.6,0.3218231685587892,4.100921829062607,0.4862314777156786,18.25700426831765,2.25,25.415980743654725,-125.40781829638392,Intensiva
2012,6,96.42,20.611062500000006,5.43,20.226988113589098,0.3222561993949702,0,1,1.6,0.2723293280001883,4.047981392463024,0.4933456005909872,18.264536325410248,2.25,25.328192646464448,-125.717816345581,Intensiva
2012,7,96.34,20.564764784946234,8.08,21.49160784651096,0.3131748824216251,0,0,1.6,0.2164113838346867,3.8824773822787706,0.4892650158399082,18.25696767672241,2.25,25.09512145867578,-126.54588936585208,Intensiva
2012,8,96.26,23.156451612903226,6.86,22.269074504046323,0.3381716494543633,0,0,0.8,0.1626378567321133,3.750655515552025,0.475867555524895,18.235884354102566,2.25,24.8750452819116,-127.34242381694926,Intensiva
2012,9,96.0,18.43663888888889,26.86600000000001,10.552417877096508,0.2763278949431083,0,0,0.8,0.1426636292823179,3.6748246205929824,0.464972885459332,18.21895074000283,2.25,24.75141187533746,-127.82431430774766,Intensiva
2012,10,96.1,13.69076948924731,13.938,3.738562507238408,0.2877380248922812,0,1,0.8,0.1896530380300267,3.743544467136483,0.4626180346517964,18.21504858986457,2.25,24.86086412968287,-127.44521209929682,Intensiva
2012,11,96.02,8.276090066425121,13.13,1.143836904263409,0.168818753865032,0,1,0.8,0.1980509337895357,3.789035541620524,0.4638898705293287,18.216074734417003,2.25,24.91705108035639,-127.26202549203649,Intensiva
2012,12,95.94,6.622586693548386,5.656,1.3300324100350012,0.2210787690695392,0,1,0.8,0.24016364211608,3.87415294226556,0.4653459581224322,18.217493659241864,2.25,25.04715620174593,-126.82751196977482,Intensiva
2013,1,96.75,6.887975806451611,63.22600000000001,1.9380292248238773,0.1581716238333451,0,0,0.8,0.2046630512051067,3.895111637358348,0.468877923505699,18.221034792390057,2.25,25.03968740445921,-126.8213542538512,Intensiva
2013,2,96.65,5.416090773809523,79.386,1.6082861472151082,0.2042213155594335,0,0,0.8,0.2214703520866563,3.956519466632531,0.4707285514004291,18.222924676041632,2.25,25.12164304616125,-126.50509288475844,Intensiva
2013,3,96.55,8.271781586021506,96.96,3.686920790260673,0.192817296025813,0,1,0.8,0.229395170489094,4.012627666410409,0.4731804512371415,18.225597712322674,2.25,25.19080100045932,-126.2494953199018,Intensiva
2013,4,96.45,10.543011805555556,56.964,7.221038795573187,0.2556777216916546,0,1,1.6,0.2846540345503913,4.040709657124752,0.4762224709865363,18.22889102568839,2.25,25.28047718835007,-125.92857154735138,Intensiva
2013,5,96.35,11.13557190860215,47.47,6.7791393674704254,0.300927457543235,0,1,1.6,0.3363473414033365,4.080450509807464,0.4818177620313646,18.235270887595927,2.25,25.38388650083809,-125.57218923342327,Intensiva
2013,6,96.25,16.352145833333335,70.49800000000002,11.19133997993652,0.2840980206213143,0,1,1.6,0.2902625531150687,4.060881187949443,0.4909277778417888,18.24555012420252,2.25,25.33762164310881,-125.74917253923788,Intensiva
2013,7,96.29,23.17917338709677,14.342,20.0299640222732,0.347260962603808,0,0,1.6,0.2301875650120435,3.859640373223018,0.4856281729211823,18.234356501096663,2.25,25.059812612252905,-126.72777066950904,Intensiva
2013,8,96.21,21.27396505376344,6.262,16.935033469988525,0.3347066254111706,0,0,0.8,0.166610740671468,3.7606116322866,0.4764637324851765,18.21911542002536,2.25,24.872801525468603,-127.40800009880073,Intensiva
2013,9,95.95,18.560125000000006,21.614,10.112126277815598,0.2829052530392546,0,0,0.8,0.1456813761265238,3.685773234769593,0.4657357161067801,18.20245762091425,2.25,24.749647947917147,-127.89015410940452,Intensiva
2013,10,95.85,15.281229166666662,29.49200000000001,5.138513441557693,0.3041737457251488,0,1,0.8,0.1901995978061267,3.748631083554087,0.4627334316780022,18.19754996897376,2.25,24.849114082011976,-127.57484355377156,Intensiva
2013,11,95.75,8.6383125,58.37800000000001,1.7507216022650245,0.1720407819253944,0,1,0.8,0.1969766321420509,3.793243071402967,0.4640285217135236,18.19858605907003,2.25,24.902834284328573,-127.41398523710068,Intensiva
2013,12,95.65,4.50071438172043,24.644,1.0239302610155183,0.2396402436923536,0,1,0.8,0.2637727403388299,3.900841790171925,0.4651726664663729,18.19977098482075,2.25,25.07955818179788,-126.84028106930624,Intensiva
2014,1,96.7,6.91567069892473,47.46999999999999,1.204074926460118,0.2009009805121758,0,0,0.8,0.2364705868126819,3.9447722510095455,0.4697975166014704,18.20460353965937,2.25,25.10564389408307,-126.6990513982258,Intensiva
2014,2,96.6,6.58740625,21.008,2.8829947198245063,0.2380089768330595,0,0,0.8,0.2418999815998922,4.012177021448073,0.4730896886814458,18.20811179254763,2.25,25.18527848427704,-126.38547133656132,Intensiva
2014,3,96.5,9.62048185483871,56.964000000000006,6.86465149903837,0.1606399639063098,0,1,0.8,0.214812593103649,4.038989216379592,0.4765467995449629,18.2119776834281,2.25,25.192326292456304,-126.3531853796872,Intensiva
2014,4,96.4,13.987634722222223,35.956,10.002549464589572,0.3256622264692592,0,1,1.6,0.2911169694984075,4.061122268669412,0.4785433021781316,18.213889210486588,2.25,25.29467175083254,-125.98392538211743,Intensiva
2014,5,96.3,14.3497063172043,34.541999999999994,13.562539885344876,0.2970674807530751,0,1,1.6,0.3020070250041365,4.06803143278425,0.4849028623924932,18.22100655365454,2.25,25.325947873835418,-125.88093600783634,Intensiva
2014,6,96.2,19.332048611111112,58.776,17.57822577248064,0.3232992562808431,0,1,1.6,0.2774976775327283,4.031290233631058,0.4909062073921646,18.227454787028183,2.25,25.27714890558413,-126.06624059538252,Intensiva
2014,7,96.1,20.24127688172043,44.440000000000005,16.297386583329878,0.2729671814583314,0,0,1.6,0.193407860671854,3.857357600525922,0.4878829605404902,18.221082252484035,2.25,25.0097306742223,-127.02560295998124,Intensiva
2014,8,96.0,20.653084677419347,25.652,16.231042991816366,0.2940407339196068,0,0,0.8,0.1472702470081022,3.746691836346938,0.4758797429063315,18.20341178244361,2.25,24.823253608704977,-127.71627701215816,Intensiva
2014,9,95.9,19.8963125,55.95400000000001,11.274706156577407,0.2757368659467457,0,0,0.8,0.1368121706179913,3.646442634379543,0.4615760023885275,18.1815968042898,2.25,24.676427611675862,-128.2775157715156,Intensiva
2014,10,95.8,16.34316061827957,32.724000000000004,5.856919948737396,0.3270421755612899,0,1,0.8,0.1923435935403929,3.713084523713461,0.4575181189654705,18.17491576041121,2.25,24.78786199663053,-127.92116185534186,Intensiva
2014,11,95.7,10.134520833333331,99.78800000000004,1.310402194573081,0.1844356897702861,0,1,0.8,0.1919342403674309,3.753784138712548,0.4589557212572913,18.175749067322503,2.25,24.830423167659777,-127.80089524036708,Intensiva
2014,12,95.6,6.601987231182795,42.42,1.299341713877795,0.2204552556002773,0,1,0.8,0.2356631674987623,3.839035034543444,0.4602963913055629,18.17693511587157,2.25,24.96192970921934,-127.38070358007992,Intensiva
2015,1,96.65,5.466074596774193,46.46,1.8144281308326669,0.1863670449011061,0,0,0.8,0.2327021262360794,3.890795911086749,0.4634224579021509,18.18006085607937,2.25,25.01698135130435,-127.14336162601404,Intensiva
2015,2,96.55,4.554815476190476,64.034,1.5026517635048493,0.1547574291740271,0,0,0.8,0.2280172774180079,3.932741688607479,0.4661668618326994,18.182946067983803,2.25,25.05987189584199,-126.97231228666972,Intensiva
2015,3,96.45,9.500137768817202,88.678,5.734016981536264,0.1922050132399478,0,1,0.8,0.2217457700919668,3.9792972930569,0.469131433268254,18.18599636411843,2.25,25.10617086053556,-126.79506726752533,Intensiva
2015,4,96.35,12.704199999999998,21.008,10.060745965870234,0.2603579130415858,0,1,1.6,0.2643631141624651,3.990227318460146,0.4718879923245569,18.18856070213348,2.25,25.165039127080647,-126.58020317851648,Intensiva
2015,5,96.35,16.324070564516127,2.626,15.528265075036686,0.2525870221535637,0,1,1.6,0.2463969720850544,3.961681267394171,0.4766144151451246,18.193005025599,2.25,25.12769768022335,-126.70721467699563,Intensiva
2015,6,96.15,20.25099305555556,42.824,18.349691613170656,0.2801289803571776,0,1,1.6,0.2310631091911278,3.9025017554801655,0.4783099942036747,18.193415276598763,2.25,25.055290135473733,-126.97939969860596,Intensiva
2015,7,96.05,23.22979838709678,34.946000000000005,21.717160983415727,0.2786712310758008,0,0,1.6,0.1845068843384272,3.687044284474756,0.4680189570045488,18.17405993739347,2.25,24.763630063211203,-128.038953359229,Intensiva
2015,8,96.11,21.738017473118283,19.19,18.798122139540013,0.2719377745928241,0,0,0.8,0.134130600572936,3.558165579472949,0.4551998650211941,18.15120331556199,2.25,24.54869936062907,-128.82498631290406,Intensiva
2015,9,96.03,16.82336944444444,13.332,9.687145423437077,0.2871075650478797,0,0,0.8,0.1486137917656529,3.5251884184265494,0.4450871318645654,18.13369766694644,2.25,24.502587009003204,-129.01130406865423,Intensiva
2015,10,95.75,13.510167338709682,33.330000000000005,4.841941218436375,0.3111872345277914,0,1,0.8,0.2036302492702794,3.612204339076827,0.4437183890297924,18.129894767691265,2.25,24.639447745068164,-128.56253892587966,Intensiva
2015,11,95.65,10.340930555555554,27.472,1.844629192100296,0.2318642572339415,0,1,0.8,0.2177443506698049,3.6793436948100777,0.4459197098859324,18.1310417831535,2.25,24.72404953851932,-128.29933964462148,Intensiva
2015,12,95.79,6.256395833333334,5.454,0.6243298369016703,0.1991323404456457,0,1,0.8,0.2477161957703688,3.755576780550401,0.4480835644160439,18.13293822210249,2.25,24.834314762839306,-127.9296387774772,Intensiva
2016,1,96.6,7.2,81.2,1.14507225,0.158144688589196,0,0,0.8,0.2047387477566335,3.775214019667152,0.4523962916899172,18.136645777220043,2.25,24.818994836333744,-127.94835393108129,Intensiva
2016,2,96.5,7.1,99.6,1.7692758992999993,0.159706155007847,0,0,0.8,0.183200168035338,3.796451738064131,0.4546366027678603,18.13814110661453,2.25,24.82242961548185,-127.91671047565822,Intensiva
2016,3,96.4,7.6,64.4,3.721141351199999,0.2347371438221732,0,1,0.8,0.2282863926647281,3.882630659579936,0.4559219814769624,18.139068827688394,2.25,24.95590786141002,-127.42348353162612,Intensiva
2016,4,96.3,10.2,20.8,6.744107747999999,0.3110300363888684,0,1,1.6,0.3213012938311455,3.937133324133019,0.459228805175423,18.142058263668563,2.25,25.10972168680815,-126.87143420195856,Intensiva
2016,5,96.2,14.8,20.0,11.806169348399996,0.2555948069079968,0,1,1.6,0.2838313957820761,3.9269041299614926,0.4681033386061899,18.150852932494765,2.25,25.079691796844525,-126.98657324549056,Intensiva
2016,6,96.22,19.3,12.5,17.751575352000003,0.331542675519981,0,1,1.6,0.2780693932948049,3.899267542850219,0.4734901909511003,18.1550980611518,2.25,25.05592518824792,-127.07105711065648,Intensiva
2016,7,96.0,21.6,34.5,18.166171829400003,0.3012875391744275,0,0,1.6,0.2058604258873287,3.721508211935409,0.4702834054854158,18.144767541417963,2.25,24.792419584726115,-128.03564493260765,Intensiva
2016,8,96.06,22.1,3.6,20.67655553880001,0.2692967220748038,0,0,0.8,0.1336435743833314,3.582458738468253,0.4588738372892748,18.12381673282717,2.25,24.54879288296803,-128.9241056500946,Intensiva
2016,9,95.98,19.8,12.7,11.2207834592,0.2688174993688197,0,0,0.8,0.1326181485624707,3.491018658939745,0.4445214050008118,18.099550648741623,2.25,24.41770886124465,-129.423343209071,Intensiva
2016,10,95.9,14.4,11.9,5.281186013599999,0.2965318621144354,0,1,0.8,0.1858580349345399,3.5630408321010894,0.4417758193268827,18.09388176213256,2.25,24.53455644849507,-129.0210649780027,Intensiva
2016,11,95.6,9.0,85.2,1.7985467135999995,0.1895633170144099,0,1,0.8,0.199221081145059,3.6173814422330666,0.4432169977775962,18.09438280875138,2.25,24.604202329907103,-128.8085604297069,Intensiva
2016,12,95.74,6.2,12.7,0.4722117119999998,0.1999528438697413,0,1,0.8,0.234983890084063,3.6949790861182006,0.4448660333474332,18.09564069488974,2.25,24.72046970443944,-128.41797431335988,Intensiva
2017,1,96.55,5.06267876344086,37.37,1.9601295669196768,0.2107653244218123,0,0,0.8,0.2481733237147254,3.7658802881617786,0.4480454294804905,18.0984583821322,2.25,24.8105574234892,-128.05410418348328,Intensiva
2017,2,96.45,8.280480654761908,28.88600000000001,2.369949361708293,0.1898180535828292,0,0,0.8,0.2049357798165657,3.790656260527946,0.4525964994670606,18.102161561745,2.25,24.800350101556567,-128.06920008172708,Intensiva
2017,3,96.35,11.02731787634409,32.11800000000001,7.150407213406988,0.2129278946248198,0,1,0.8,0.2043544022639956,3.8385629187160704,0.4548601662480732,18.103676546613794,2.25,24.85145403384193,-127.87543871291928,Intensiva
2017,4,96.33,12.794009027777776,5.656000000000001,14.635165767236318,0.3326475996721446,0,1,1.6,0.2999851195517957,3.879632253788171,0.4569877570490617,18.10479253315895,2.25,24.99139766354798,-127.36020891020928,Intensiva
2017,5,96.15,17.40992338709678,74.742,15.174345870940668,0.3477122070901346,0,1,1.6,0.3074389024079177,3.8799845003786735,0.4645216789722387,18.111200489820583,2.25,25.01314557157941,-127.29643288886273,Intensiva
2017,6,96.05,21.29429861111112,42.622,16.248686998847507,0.2967814151598934,0,1,1.6,0.2488053497593065,3.8193938719550418,0.471116040435346,18.115960713575845,2.25,24.905275975725537,-127.69780392907217,Intensiva
2017,7,96.09,22.062815860215053,15.756,20.95895238694313,0.3490580952881449,0,0,1.6,0.2317752852707866,3.6580376374631975,0.4643545843865247,18.10081331585698,2.25,24.70498082297749,-128.4199658280274,Intensiva
2017,8,95.85,21.624079301075263,36.36,17.149933206077733,0.323055206785579,0,0,0.8,0.1605610717213475,3.5616420406337945,0.4563152880047703,18.0833731040798,2.25,24.51189150443972,-129.1587230205823,Intensiva
2017,9,95.93,17.140497916666668,5.656000000000001,9.848087264616217,0.2764374844354936,0,0,0.8,0.1468224507624396,3.517657021572437,0.4479168841029272,18.06804933718057,2.25,24.43044569361837,-129.47157289144573,Intensiva
2017,10,95.65,15.638098790322584,21.412,6.967025024428274,0.2780686034606542,0,1,0.8,0.1773056021849421,3.567619323686801,0.4452957883061774,18.062436279649383,2.25,24.50265699382731,-129.25596541009455,Intensiva
2017,11,95.77,8.810162499999999,18.180000000000003,2.6827869952845096,0.1918107492896084,0,1,0.8,0.1963275200179381,3.6244795126984375,0.4463242967197737,18.062645611430657,2.25,24.579776940866807,-128.99765776079985,Intensiva
2017,12,95.45,5.944842069892473,58.58000000000002,1.1707461314458132,0.1904019289918614,0,1,0.8,0.2305985816218267,3.698178232743005,0.4478070438770462,18.06383202033897,2.25,24.69041587858085,-128.64636766563964,Intensiva
2018,1,96.5,6.893093413978495,115.342,1.674623615280012,0.2309819431780436,0,0,0.8,0.2316085034413983,3.762573020853881,0.4511942803995705,18.06660605223758,2.25,24.76198185693243,-128.34085966932818,Intensiva
2018,2,96.4,4.846835565476192,35.754000000000005,1.8545191368073937,0.1805432660699308,0,0,0.8,0.2351715025289361,3.8177623949249777,0.4541179585175307,18.069386553827545,2.25,24.82643840979899,-128.09204230706317,Intensiva
2018,3,96.3,8.191313844086022,52.318,5.455574167677591,0.2035838743543127,0,1,0.8,0.2438551576220455,3.882221239436628,0.4572587175596326,18.07246198661085,2.25,24.90579710122916,-127.79993319275074,Intensiva
2018,4,96.2,11.98709166666667,86.052,6.527238403823803,0.2924499757782066,0,1,1.6,0.3012367674457978,3.9141879237053687,0.4614254194419288,18.07630799898647,2.25,25.00315810957956,-127.4521170371844,Intensiva
2018,5,96.1,14.422921370967742,65.64800000000001,8.873373812827142,0.3285212984844546,0,1,1.6,0.3247344764346635,3.936360662018173,0.468859444678233,18.083767074910792,2.25,25.063721658041864,-127.24887725131096,Intensiva
2018,6,96.0,19.063881944444443,39.39,11.556766439052812,0.3293230721330156,0,1,1.6,0.2892986442833125,3.9100458896348247,0.4772635922113653,18.09187260016469,2.25,25.0184807262942,-127.42743307577508,Intensiva
2018,7,95.9,21.980349462365588,117.76400000000002,14.99282729709878,0.2892120048912431,0,0,1.6,0.1979762969176369,3.72011298919751,0.4741429831623667,18.082367675472025,2.25,24.72459994474954,-128.49352350082356,Intensiva
2018,8,95.96,22.45317204301076,0.0,17.71929664772765,0.2665998067335886,0,0,0.8,0.1311572721765653,3.5737331606914875,0.4609051098772793,18.06003857903221,2.25,24.47583412177754,-129.40290574013648,Intensiva
2018,9,95.7,20.07527777777778,45.45,10.089043969971392,0.2871254402810266,0,0,0.8,0.1399542634045795,3.48864545532138,0.4455990883379113,18.03505065158616,2.25,24.35924945865003,-129.87397025287584,Intensiva
2018,10,95.6,13.655982526881724,28.482,4.441771099347957,0.3201343554412608,0,1,0.8,0.2030552859216629,3.5802780910821927,0.4435544428083205,18.030607591064527,2.25,24.507495410876704,-129.3840281050458,Intensiva
2018,11,95.5,9.189856944444443,60.802000000000014,1.053594012568207,0.1883491278769627,0,1,0.8,0.2077193776329497,3.63234040810402,0.4456297247006385,18.031943706739057,2.25,24.567633217176663,-129.20271014902485,Intensiva
2018,12,95.4,8.254520161290321,25.856,1.4486459896111472,0.1540269271898021,0,1,0.8,0.2033816042968474,3.671196801557923,0.4478027690918148,18.033627988777813,2.25,24.6060091637244,-129.0995736911097,Intensiva
2019,1,96.45,6.093131720430107,44.844,1.8610888834800328,0.2383973829475245,0,0,0.8,0.2284408017824692,3.7482142914830168,0.4499139580788697,18.035128608097427,2.25,24.711697659441786,-128.6704186266209,Intensiva
2019,2,96.35,7.759191964285717,37.97600000000001,3.684157481105254,0.170391154199845,0,0,0.8,0.1929400026029769,3.768586095973335,0.4533112741638787,18.037819439204885,2.25,24.70265681194508,-128.68459513246722,Intensiva
2019,3,96.31,10.235943548387096,9.09,9.54604581586889,0.1840724888522815,0,1,0.8,0.1913113927621708,3.80734909076462,0.454985416001171,18.03888870772472,2.25,24.74253460725268,-128.52934612626032,Intensiva
2019,4,96.15,11.418480555555556,63.22600000000001,7.489424118666054,0.3138232535436953,0,1,1.6,0.2925513717674387,3.854027244695644,0.4565212542162566,18.0396751619662,2.25,24.89277503264553,-127.989543159278,Intensiva
2019,5,96.05,14.35995497311828,32.522,14.216634184525317,0.3278219814956943,0,1,1.6,0.3214150165100866,3.8781403337349873,0.4635254062475148,18.046378150114204,2.25,24.95945890660679,-127.76443890175926,Intensiva
2019,6,95.95,20.488104166666663,45.854000000000006,21.41793010474886,0.2984347876937039,0,1,1.6,0.2584605500927478,3.826971287825112,0.4715158600578284,18.053133271361588,2.25,24.860080969337275,-128.13539130640785,Intensiva
2019,7,95.85,22.909260752688176,29.896000000000004,21.34108242526835,0.3214617201399493,0,0,1.6,0.2131700521513702,3.639765427384428,0.4645577244881105,18.0374126541035,2.25,24.60490585812741,-129.07304159683298,Intensiva
2019,8,95.91,22.37980510752688,11.514,18.996583608776657,0.326356685236454,0,0,0.8,0.1588529150451509,3.5341519277277613,0.453606952479403,18.016218016268645,2.25,24.41282981152096,-129.78085672596663,Intensiva
2019,9,95.65,18.3855625,64.83800000000001,10.05319015566192,0.307323217013224,0,0,0.8,0.156133227957543,3.489576662086342,0.4436352068527455,17.99794523660856,2.25,24.337290333505194,-130.1038606301147,Intensiva
2019,10,95.55,15.35627620967742,30.098,5.673013409254305,0.3201996061788749,0,1,0.8,0.2008803699444637,3.5663147391884684,0.441883163663275,17.993263617298318,2.25,24.452341890094523,-129.73494339449954,Intensiva
2019,11,95.45,8.784636805555555,119.98799999999996,1.41907599584611,0.1993317629415575,0,1,0.8,0.2146523206996051,3.627549875972198,0.4438710981077569,17.994546800044954,2.25,24.53062009482452,-129.49061979587617,Intensiva
2019,12,95.35,7.675431451612903,29.896000000000004,1.1695752764161524,0.2334221818972252,0,1,0.8,0.2483159210572061,3.714470613383432,0.4462220732339511,17.99650463171909,2.25,24.65551323939368,-129.09552451060424,Intensiva
2020,1,96.4,5.285847446236557,38.986,1.0070003216204224,0.1973767999347003,0,0,0.8,0.2480359421427608,3.775682351253336,0.4499268631937876,18.000022688677692,2.25,24.723667845267578,-128.80940202554157,Intensiva
2020,2,96.34,9.723227011494256,10.504,3.397971018587573,0.1834554236086261,0,0,0.8,0.1840825540245445,3.778869271445663,0.4544459043486427,18.003468115668255,2.25,24.670865845487107,-128.96901786409276,Intensiva
2020,3,96.2,9.555620295698924,100.59600000000002,5.060721124241758,0.2011307732567354,0,1,0.8,0.1990235791610015,3.83231055185181,0.4557500335037399,18.0042869869521,2.25,24.74137115146865,-128.7064707896546,Intensiva
2020,4,96.1,12.685195138888885,61.408,3.966719051790426,0.2554039879173991,0,1,1.6,0.2507868636599298,3.844803129968061,0.4575412274265908,18.00523181616269,2.25,24.80836303721728,-128.46571917038918,Intensiva
2020,5,96.0,17.77478494623656,39.188,14.41172473022779,0.3123909705852162,0,1,1.6,0.2677750538698616,3.829000779755964,0.4614291832615468,18.007533593182092,2.25,24.815738610069467,-128.4487554215842,Intensiva
2020,6,95.9,18.40657430555556,47.066,12.495505351943518,0.3143650778932076,0,1,1.6,0.2694772063699748,3.8079720759620623,0.4660051692692251,18.010809956893212,2.25,24.804264408494475,-128.50755065556385,Intensiva
2020,7,95.94,22.230161290322584,9.09,21.811177141499417,0.3498433072785671,0,0,1.6,0.233172713158514,3.644921247814548,0.4615635349287419,17.997821133545223,2.25,24.587478629447027,-129.2883918872795,Intensiva
2020,8,95.7,21.78939516129032,32.926,16.394468608411493,0.3029053580462535,0,0,0.8,0.1512541169915493,3.535599312639808,0.453690278443289,17.980439155576608,2.25,24.370982863651253,-130.11186619901494,Intensiva
2020,9,95.6,18.80441180555556,28.078,12.815579730877577,0.2586178603578591,0,0,0.8,0.132365383443766,3.4573243740829898,0.4425013580495529,17.960553165177387,2.25,24.242744280753698,-130.6176943494034,Intensiva
2020,10,95.5,12.888693963051937,30.704,4.5851050142053005,0.3294861247494638,0,1,0.8,0.2076792781727338,3.561347461398488,0.4404316069649814,17.956222320537144,2.25,24.415680667073342,-130.0391279600356,Intensiva
2020,11,95.4,9.865588194444443,31.31000000000001,1.35273373934728,0.1702042688423631,0,1,0.8,0.1966736397495942,3.598678591373689,0.4427911345063344,17.957712402946786,2.25,24.445855768576404,-129.9622830965371,Intensiva
2020,12,95.3,6.526835349462365,67.67,1.2201856139253997,0.1967790822597996,0,1,0.8,0.2291350199060428,3.672763888819736,0.4444026854021765,17.958959516931206,2.25,24.55526111105916,-129.61503880417612,Intensiva
